<?xml version="1.0" encoding="ISO-8859-1" ?>
<link_info>
   <banner>TI ARM Linker PC v20.2.4.LTS</banner>
   <copyright>Copyright (c) 1996-2018 Texas Instruments Incorporated</copyright>
   <link_time>0x60b902fc</link_time>
   <link_errors>0x0</link_errors>
   <output_file>LCD1602_Hello_World.out</output_file>
   <entry_point>
      <name>_c_int00_noargs</name>
      <address>0x9cd</address>
   </entry_point>
   <input_file_list>
      <input_file id="fl-2">
         <path>.\</path>
         <kind>object</kind>
         <file>lcd16x2_msp43x.obj</file>
         <name>lcd16x2_msp43x.obj</name>
      </input_file>
      <input_file id="fl-3">
         <path>.\</path>
         <kind>object</kind>
         <file>main.obj</file>
         <name>main.obj</name>
      </input_file>
      <input_file id="fl-4">
         <path>.\</path>
         <kind>object</kind>
         <file>startup_msp432p401r_ccs.obj</file>
         <name>startup_msp432p401r_ccs.obj</name>
      </input_file>
      <input_file id="fl-5">
         <path>.\</path>
         <kind>object</kind>
         <file>system_msp432p401r.obj</file>
         <name>system_msp432p401r.obj</name>
      </input_file>
      <input_file id="fl-9">
         <kind>object</kind>
         <file>&lt;internal&gt;</file>
         <name>&lt;internal&gt;</name>
      </input_file>
      <input_file id="fl-bf">
         <path>C:\ti\ccs1031\ccs\tools\compiler\ti-cgt-arm_20.2.4.LTS\lib\</path>
         <kind>archive</kind>
         <file>rtsv7M4_T_le_v4SPD16_eabi.lib</file>
         <name>i_divt2.asm.obj</name>
      </input_file>
      <input_file id="fl-c0">
         <path>C:\ti\ccs1031\ccs\tools\compiler\ti-cgt-arm_20.2.4.LTS\lib\</path>
         <kind>archive</kind>
         <file>rtsv7M4_T_le_v4SPD16_eabi.lib</file>
         <name>copy_zero_init.c.obj</name>
      </input_file>
      <input_file id="fl-c1">
         <path>C:\ti\ccs1031\ccs\tools\compiler\ti-cgt-arm_20.2.4.LTS\lib\</path>
         <kind>archive</kind>
         <file>rtsv7M4_T_le_v4SPD16_eabi.lib</file>
         <name>copy_decompress_none.c.obj</name>
      </input_file>
      <input_file id="fl-c2">
         <path>C:\ti\ccs1031\ccs\tools\compiler\ti-cgt-arm_20.2.4.LTS\lib\</path>
         <kind>archive</kind>
         <file>rtsv7M4_T_le_v4SPD16_eabi.lib</file>
         <name>copy_decompress_lzss.c.obj</name>
      </input_file>
      <input_file id="fl-c3">
         <path>C:\ti\ccs1031\ccs\tools\compiler\ti-cgt-arm_20.2.4.LTS\lib\</path>
         <kind>archive</kind>
         <file>rtsv7M4_T_le_v4SPD16_eabi.lib</file>
         <name>boot_cortex_m.c.obj</name>
      </input_file>
      <input_file id="fl-c4">
         <path>C:\ti\ccs1031\ccs\tools\compiler\ti-cgt-arm_20.2.4.LTS\lib\</path>
         <kind>archive</kind>
         <file>rtsv7M4_T_le_v4SPD16_eabi.lib</file>
         <name>div0.asm.obj</name>
      </input_file>
      <input_file id="fl-c5">
         <path>C:\ti\ccs1031\ccs\tools\compiler\ti-cgt-arm_20.2.4.LTS\lib\</path>
         <kind>archive</kind>
         <file>rtsv7M4_T_le_v4SPD16_eabi.lib</file>
         <name>memset_t2.asm.obj</name>
      </input_file>
      <input_file id="fl-c6">
         <path>C:\ti\ccs1031\ccs\tools\compiler\ti-cgt-arm_20.2.4.LTS\lib\</path>
         <kind>archive</kind>
         <file>rtsv7M4_T_le_v4SPD16_eabi.lib</file>
         <name>memcpy_t2.asm.obj</name>
      </input_file>
      <input_file id="fl-c7">
         <path>C:\ti\ccs1031\ccs\tools\compiler\ti-cgt-arm_20.2.4.LTS\lib\</path>
         <kind>archive</kind>
         <file>rtsv7M4_T_le_v4SPD16_eabi.lib</file>
         <name>autoinit.c.obj</name>
      </input_file>
      <input_file id="fl-c8">
         <path>C:\ti\ccs1031\ccs\tools\compiler\ti-cgt-arm_20.2.4.LTS\lib\</path>
         <kind>archive</kind>
         <file>rtsv7M4_T_le_v4SPD16_eabi.lib</file>
         <name>pre_init.c.obj</name>
      </input_file>
      <input_file id="fl-c9">
         <path>C:\ti\ccs1031\ccs\tools\compiler\ti-cgt-arm_20.2.4.LTS\lib\</path>
         <kind>archive</kind>
         <file>rtsv7M4_T_le_v4SPD16_eabi.lib</file>
         <name>cpy_tbl.c.obj</name>
      </input_file>
      <input_file id="fl-ca">
         <path>C:\ti\ccs1031\ccs\tools\compiler\ti-cgt-arm_20.2.4.LTS\lib\</path>
         <kind>archive</kind>
         <file>rtsv7M4_T_le_v4SPD16_eabi.lib</file>
         <name>exit.c.obj</name>
      </input_file>
      <input_file id="fl-cb">
         <path>C:\ti\ccs1031\ccs\tools\compiler\ti-cgt-arm_20.2.4.LTS\lib\</path>
         <kind>archive</kind>
         <file>rtsv7M4_T_le_v4SPD16_eabi.lib</file>
         <name>_lock.c.obj</name>
      </input_file>
      <input_file id="fl-cc">
         <path>C:\ti\ccs1031\ccs\tools\compiler\ti-cgt-arm_20.2.4.LTS\lib\</path>
         <kind>archive</kind>
         <file>rtsv7M4_T_le_v4SPD16_eabi.lib</file>
         <name>args_main.c.obj</name>
      </input_file>
   </input_file_list>
   <object_component_list>
      <object_component id="oc-26">
         <name>.intvecs:retain</name>
         <load_address>0x0</load_address>
         <run_address>0x0</run_address>
         <size>0xe4</size>
         <input_file_ref idref="fl-4"/>
      </object_component>
      <object_component id="oc-c3">
         <name>.text</name>
         <load_address>0xe4</load_address>
         <run_address>0xe4</run_address>
         <size>0x3bc</size>
         <input_file_ref idref="fl-2"/>
      </object_component>
      <object_component id="oc-a5">
         <name>.text</name>
         <load_address>0x4a0</load_address>
         <run_address>0x4a0</run_address>
         <size>0x334</size>
         <input_file_ref idref="fl-5"/>
      </object_component>
      <object_component id="oc-37">
         <name>.text</name>
         <load_address>0x7d4</load_address>
         <run_address>0x7d4</run_address>
         <size>0x9c</size>
         <input_file_ref idref="fl-c6"/>
      </object_component>
      <object_component id="oc-17">
         <name>.text:decompress:lzss:__TI_decompress_lzss</name>
         <load_address>0x870</load_address>
         <run_address>0x870</run_address>
         <size>0x68</size>
         <input_file_ref idref="fl-c2"/>
      </object_component>
      <object_component id="oc-117">
         <name>.text</name>
         <load_address>0x8d8</load_address>
         <run_address>0x8d8</run_address>
         <size>0x5e</size>
         <input_file_ref idref="fl-bf"/>
      </object_component>
      <object_component id="oc-150">
         <name>.text</name>
         <load_address>0x936</load_address>
         <run_address>0x936</run_address>
         <size>0x2</size>
         <input_file_ref idref="fl-c4"/>
      </object_component>
      <object_component id="oc-93">
         <name>.text</name>
         <load_address>0x938</load_address>
         <run_address>0x938</run_address>
         <size>0x50</size>
         <input_file_ref idref="fl-3"/>
      </object_component>
      <object_component id="oc-d6">
         <name>.text:__TI_auto_init_nobinit_nopinit:__TI_auto_init_nobinit_nopinit</name>
         <load_address>0x988</load_address>
         <run_address>0x988</run_address>
         <size>0x44</size>
         <input_file_ref idref="fl-c7"/>
      </object_component>
      <object_component id="oc-55">
         <name>.text:_c_int00_noargs:_c_int00_noargs</name>
         <load_address>0x9cc</load_address>
         <run_address>0x9cc</run_address>
         <size>0x34</size>
         <input_file_ref idref="fl-c3"/>
      </object_component>
      <object_component id="oc-1d">
         <name>.text:decompress:none:__TI_decompress_none</name>
         <load_address>0xa00</load_address>
         <run_address>0xa00</run_address>
         <size>0xe</size>
         <input_file_ref idref="fl-c1"/>
      </object_component>
      <object_component id="oc-67">
         <name>.text</name>
         <load_address>0xa0e</load_address>
         <run_address>0xa0e</run_address>
         <size>0xe</size>
         <input_file_ref idref="fl-4"/>
      </object_component>
      <object_component id="oc-8d">
         <name>.text:_system_pre_init</name>
         <load_address>0xa1c</load_address>
         <run_address>0xa1c</run_address>
         <size>0x4</size>
         <input_file_ref idref="fl-c8"/>
      </object_component>
      <object_component id="oc-ca">
         <name>.text:abort:abort</name>
         <load_address>0xa20</load_address>
         <run_address>0xa20</run_address>
         <size>0x4</size>
         <input_file_ref idref="fl-ca"/>
      </object_component>
      <object_component id="oc-1b8">
         <name>.cinit..data.load</name>
         <load_address>0xa28</load_address>
         <run_address>0xa28</run_address>
         <size>0x8</size>
      </object_component>
      <object_component id="oc-1b6">
         <name>__TI_handler_table</name>
         <load_address>0xa30</load_address>
         <run_address>0xa30</run_address>
         <size>0x8</size>
      </object_component>
      <object_component id="oc-1b7">
         <name>__TI_cinit_table</name>
         <load_address>0xa38</load_address>
         <run_address>0xa38</run_address>
         <size>0x8</size>
      </object_component>
      <object_component id="oc-18a">
         <name>.binit</name>
         <load_address>0x0</load_address>
         <run_address>0x0</run_address>
         <size>0x0</size>
      </object_component>
      <object_component id="oc-108">
         <name>.data</name>
         <load_address>0x20000000</load_address>
         <run_address>0x20000000</run_address>
         <size>0x4</size>
         <input_file_ref idref="fl-5"/>
      </object_component>
      <object_component id="oc-29">
         <name>.stack</name>
         <uninitialized>true</uninitialized>
         <run_address>0x2000fe00</run_address>
         <size>0x4</size>
         <input_file_ref idref="fl-c3"/>
      </object_component>
      <object_component id="oc-1ba">
         <name>.stack</name>
         <uninitialized>true</uninitialized>
         <run_address>0x2000fe00</run_address>
         <size>0x0</size>
      </object_component>
      <object_component id="oc-116">
         <name>.debug_info</name>
         <load_address>0x0</load_address>
         <run_address>0x0</run_address>
         <size>0x552</size>
         <input_file_ref idref="fl-2"/>
      </object_component>
      <object_component id="oc-c4">
         <name>.debug_info</name>
         <load_address>0x552</load_address>
         <run_address>0x552</run_address>
         <size>0x9ac</size>
         <input_file_ref idref="fl-2"/>
      </object_component>
      <object_component id="oc-ae">
         <name>.debug_info</name>
         <load_address>0xefe</load_address>
         <run_address>0xefe</run_address>
         <size>0x26b</size>
         <input_file_ref idref="fl-2"/>
      </object_component>
      <object_component id="oc-14b">
         <name>.debug_info</name>
         <load_address>0x1169</load_address>
         <run_address>0x1169</run_address>
         <size>0x1055</size>
         <input_file_ref idref="fl-2"/>
      </object_component>
      <object_component id="oc-146">
         <name>.debug_info</name>
         <load_address>0x21be</load_address>
         <run_address>0x21be</run_address>
         <size>0x37e2</size>
         <input_file_ref idref="fl-2"/>
      </object_component>
      <object_component id="oc-32">
         <name>.debug_info</name>
         <load_address>0x59a0</load_address>
         <run_address>0x59a0</run_address>
         <size>0x84</size>
         <input_file_ref idref="fl-2"/>
      </object_component>
      <object_component id="oc-111">
         <name>.debug_info</name>
         <load_address>0x5a24</load_address>
         <run_address>0x5a24</run_address>
         <size>0x2a4</size>
         <input_file_ref idref="fl-2"/>
      </object_component>
      <object_component id="oc-11d">
         <name>.debug_info</name>
         <load_address>0x5cc8</load_address>
         <run_address>0x5cc8</run_address>
         <size>0xef</size>
         <input_file_ref idref="fl-2"/>
      </object_component>
      <object_component id="oc-10c">
         <name>.debug_info</name>
         <load_address>0x5db7</load_address>
         <run_address>0x5db7</run_address>
         <size>0xbb</size>
         <input_file_ref idref="fl-2"/>
      </object_component>
      <object_component id="oc-94">
         <name>.debug_info</name>
         <load_address>0x5e72</load_address>
         <run_address>0x5e72</run_address>
         <size>0x174</size>
         <input_file_ref idref="fl-3"/>
      </object_component>
      <object_component id="oc-6f">
         <name>.debug_info</name>
         <load_address>0x5fe6</load_address>
         <run_address>0x5fe6</run_address>
         <size>0x2ce</size>
         <input_file_ref idref="fl-4"/>
      </object_component>
      <object_component id="oc-27">
         <name>.debug_info</name>
         <load_address>0x62b4</load_address>
         <run_address>0x62b4</run_address>
         <size>0xfa</size>
         <input_file_ref idref="fl-4"/>
      </object_component>
      <object_component id="oc-6a">
         <name>.debug_info</name>
         <load_address>0x63ae</load_address>
         <run_address>0x63ae</run_address>
         <size>0x1c1</size>
         <input_file_ref idref="fl-4"/>
      </object_component>
      <object_component id="oc-109">
         <name>.debug_info</name>
         <load_address>0x656f</load_address>
         <run_address>0x656f</run_address>
         <size>0xf3</size>
         <input_file_ref idref="fl-5"/>
      </object_component>
      <object_component id="oc-a8">
         <name>.debug_info</name>
         <load_address>0x6662</load_address>
         <run_address>0x6662</run_address>
         <size>0x265</size>
         <input_file_ref idref="fl-5"/>
      </object_component>
      <object_component id="oc-119">
         <name>.debug_info</name>
         <load_address>0x68c7</load_address>
         <run_address>0x68c7</run_address>
         <size>0x140</size>
         <input_file_ref idref="fl-bf"/>
      </object_component>
      <object_component id="oc-42">
         <name>.debug_info</name>
         <load_address>0x6a07</load_address>
         <run_address>0x6a07</run_address>
         <size>0x2a8</size>
         <input_file_ref idref="fl-c1"/>
      </object_component>
      <object_component id="oc-21">
         <name>.debug_info</name>
         <load_address>0x6caf</load_address>
         <run_address>0x6caf</run_address>
         <size>0x1ea</size>
         <input_file_ref idref="fl-c1"/>
      </object_component>
      <object_component id="oc-3d">
         <name>.debug_info</name>
         <load_address>0x6e99</load_address>
         <run_address>0x6e99</run_address>
         <size>0x46</size>
         <input_file_ref idref="fl-c1"/>
      </object_component>
      <object_component id="oc-79">
         <name>.debug_info</name>
         <load_address>0x6edf</load_address>
         <run_address>0x6edf</run_address>
         <size>0x2c</size>
         <input_file_ref idref="fl-c1"/>
      </object_component>
      <object_component id="oc-77">
         <name>.debug_info</name>
         <load_address>0x6f0b</load_address>
         <run_address>0x6f0b</run_address>
         <size>0x29e</size>
         <input_file_ref idref="fl-c2"/>
      </object_component>
      <object_component id="oc-1a">
         <name>.debug_info</name>
         <load_address>0x71a9</load_address>
         <run_address>0x71a9</run_address>
         <size>0x250</size>
         <input_file_ref idref="fl-c2"/>
      </object_component>
      <object_component id="oc-2d">
         <name>.debug_info</name>
         <load_address>0x73f9</load_address>
         <run_address>0x73f9</run_address>
         <size>0x60</size>
         <input_file_ref idref="fl-c2"/>
      </object_component>
      <object_component id="oc-b3">
         <name>.debug_info</name>
         <load_address>0x7459</load_address>
         <run_address>0x7459</run_address>
         <size>0x46</size>
         <input_file_ref idref="fl-c2"/>
      </object_component>
      <object_component id="oc-72">
         <name>.debug_info</name>
         <load_address>0x749f</load_address>
         <run_address>0x749f</run_address>
         <size>0x39</size>
         <input_file_ref idref="fl-c2"/>
      </object_component>
      <object_component id="oc-2a">
         <name>.debug_info</name>
         <load_address>0x74d8</load_address>
         <run_address>0x74d8</run_address>
         <size>0x10b</size>
         <input_file_ref idref="fl-c3"/>
      </object_component>
      <object_component id="oc-59">
         <name>.debug_info</name>
         <load_address>0x75e3</load_address>
         <run_address>0x75e3</run_address>
         <size>0x1a9</size>
         <input_file_ref idref="fl-c3"/>
      </object_component>
      <object_component id="oc-153">
         <name>.debug_info</name>
         <load_address>0x778c</load_address>
         <run_address>0x778c</run_address>
         <size>0x115</size>
         <input_file_ref idref="fl-c4"/>
      </object_component>
      <object_component id="oc-39">
         <name>.debug_info</name>
         <load_address>0x78a1</load_address>
         <run_address>0x78a1</run_address>
         <size>0x119</size>
         <input_file_ref idref="fl-c6"/>
      </object_component>
      <object_component id="oc-12d">
         <name>.debug_info</name>
         <load_address>0x79ba</load_address>
         <run_address>0x79ba</run_address>
         <size>0x4b3</size>
         <input_file_ref idref="fl-c7"/>
      </object_component>
      <object_component id="oc-d7">
         <name>.debug_info</name>
         <load_address>0x7e6d</load_address>
         <run_address>0x7e6d</run_address>
         <size>0x1a6</size>
         <input_file_ref idref="fl-c7"/>
      </object_component>
      <object_component id="oc-166">
         <name>.debug_info</name>
         <load_address>0x8013</load_address>
         <run_address>0x8013</run_address>
         <size>0x39</size>
         <input_file_ref idref="fl-c7"/>
      </object_component>
      <object_component id="oc-17b">
         <name>.debug_info</name>
         <load_address>0x804c</load_address>
         <run_address>0x804c</run_address>
         <size>0x39</size>
         <input_file_ref idref="fl-c7"/>
      </object_component>
      <object_component id="oc-16b">
         <name>.debug_info</name>
         <load_address>0x8085</load_address>
         <run_address>0x8085</run_address>
         <size>0x39</size>
         <input_file_ref idref="fl-c7"/>
      </object_component>
      <object_component id="oc-170">
         <name>.debug_info</name>
         <load_address>0x80be</load_address>
         <run_address>0x80be</run_address>
         <size>0xcd</size>
         <input_file_ref idref="fl-c7"/>
      </object_component>
      <object_component id="oc-90">
         <name>.debug_info</name>
         <load_address>0x818b</load_address>
         <run_address>0x818b</run_address>
         <size>0x153</size>
         <input_file_ref idref="fl-c8"/>
      </object_component>
      <object_component id="oc-cc">
         <name>.debug_info</name>
         <load_address>0x82de</load_address>
         <run_address>0x82de</run_address>
         <size>0x122</size>
         <input_file_ref idref="fl-ca"/>
      </object_component>
      <object_component id="oc-1bb">
         <name>.debug_info</name>
         <load_address>0x8400</load_address>
         <run_address>0x8400</run_address>
         <size>0xa6</size>
      </object_component>
      <object_component id="oc-145">
         <name>.debug_line</name>
         <load_address>0x0</load_address>
         <run_address>0x0</run_address>
         <size>0x20</size>
         <input_file_ref idref="fl-2"/>
      </object_component>
      <object_component id="oc-c8">
         <name>.debug_line</name>
         <load_address>0x20</load_address>
         <run_address>0x20</run_address>
         <size>0x1be</size>
         <input_file_ref idref="fl-2"/>
      </object_component>
      <object_component id="oc-b1">
         <name>.debug_line</name>
         <load_address>0x1de</load_address>
         <run_address>0x1de</run_address>
         <size>0x6f</size>
         <input_file_ref idref="fl-2"/>
      </object_component>
      <object_component id="oc-14e">
         <name>.debug_line</name>
         <load_address>0x24d</load_address>
         <run_address>0x24d</run_address>
         <size>0x5b</size>
         <input_file_ref idref="fl-2"/>
      </object_component>
      <object_component id="oc-149">
         <name>.debug_line</name>
         <load_address>0x2a8</load_address>
         <run_address>0x2a8</run_address>
         <size>0x58</size>
         <input_file_ref idref="fl-2"/>
      </object_component>
      <object_component id="oc-35">
         <name>.debug_line</name>
         <load_address>0x300</load_address>
         <run_address>0x300</run_address>
         <size>0x20</size>
         <input_file_ref idref="fl-2"/>
      </object_component>
      <object_component id="oc-114">
         <name>.debug_line</name>
         <load_address>0x320</load_address>
         <run_address>0x320</run_address>
         <size>0x73</size>
         <input_file_ref idref="fl-2"/>
      </object_component>
      <object_component id="oc-120">
         <name>.debug_line</name>
         <load_address>0x393</load_address>
         <run_address>0x393</run_address>
         <size>0x6f</size>
         <input_file_ref idref="fl-2"/>
      </object_component>
      <object_component id="oc-10f">
         <name>.debug_line</name>
         <load_address>0x402</load_address>
         <run_address>0x402</run_address>
         <size>0x70</size>
         <input_file_ref idref="fl-2"/>
      </object_component>
      <object_component id="oc-97">
         <name>.debug_line</name>
         <load_address>0x472</load_address>
         <run_address>0x472</run_address>
         <size>0x48</size>
         <input_file_ref idref="fl-3"/>
      </object_component>
      <object_component id="oc-ad">
         <name>.debug_line</name>
         <load_address>0x4ba</load_address>
         <run_address>0x4ba</run_address>
         <size>0x40</size>
         <input_file_ref idref="fl-4"/>
      </object_component>
      <object_component id="oc-6e">
         <name>.debug_line</name>
         <load_address>0x4fa</load_address>
         <run_address>0x4fa</run_address>
         <size>0x40</size>
         <input_file_ref idref="fl-4"/>
      </object_component>
      <object_component id="oc-6c">
         <name>.debug_line</name>
         <load_address>0x53a</load_address>
         <run_address>0x53a</run_address>
         <size>0x71</size>
         <input_file_ref idref="fl-4"/>
      </object_component>
      <object_component id="oc-143">
         <name>.debug_line</name>
         <load_address>0x5ab</load_address>
         <run_address>0x5ab</run_address>
         <size>0x3b</size>
         <input_file_ref idref="fl-5"/>
      </object_component>
      <object_component id="oc-a6">
         <name>.debug_line</name>
         <load_address>0x5e6</load_address>
         <run_address>0x5e6</run_address>
         <size>0x134</size>
         <input_file_ref idref="fl-5"/>
      </object_component>
      <object_component id="oc-118">
         <name>.debug_line</name>
         <load_address>0x71a</load_address>
         <run_address>0x71a</run_address>
         <size>0x6a</size>
         <input_file_ref idref="fl-bf"/>
      </object_component>
      <object_component id="oc-7f">
         <name>.debug_line</name>
         <load_address>0x784</load_address>
         <run_address>0x784</run_address>
         <size>0x20</size>
         <input_file_ref idref="fl-c1"/>
      </object_component>
      <object_component id="oc-20">
         <name>.debug_line</name>
         <load_address>0x7a4</load_address>
         <run_address>0x7a4</run_address>
         <size>0x55</size>
         <input_file_ref idref="fl-c1"/>
      </object_component>
      <object_component id="oc-40">
         <name>.debug_line</name>
         <load_address>0x7f9</load_address>
         <run_address>0x7f9</run_address>
         <size>0x3a</size>
         <input_file_ref idref="fl-c1"/>
      </object_component>
      <object_component id="oc-7c">
         <name>.debug_line</name>
         <load_address>0x833</load_address>
         <run_address>0x833</run_address>
         <size>0x92</size>
         <input_file_ref idref="fl-c1"/>
      </object_component>
      <object_component id="oc-b9">
         <name>.debug_line</name>
         <load_address>0x8c5</load_address>
         <run_address>0x8c5</run_address>
         <size>0x20</size>
         <input_file_ref idref="fl-c2"/>
      </object_component>
      <object_component id="oc-1c">
         <name>.debug_line</name>
         <load_address>0x8e5</load_address>
         <run_address>0x8e5</run_address>
         <size>0xa9</size>
         <input_file_ref idref="fl-c2"/>
      </object_component>
      <object_component id="oc-30">
         <name>.debug_line</name>
         <load_address>0x98e</load_address>
         <run_address>0x98e</run_address>
         <size>0x3a</size>
         <input_file_ref idref="fl-c2"/>
      </object_component>
      <object_component id="oc-b6">
         <name>.debug_line</name>
         <load_address>0x9c8</load_address>
         <run_address>0x9c8</run_address>
         <size>0x9a</size>
         <input_file_ref idref="fl-c2"/>
      </object_component>
      <object_component id="oc-75">
         <name>.debug_line</name>
         <load_address>0xa62</load_address>
         <run_address>0xa62</run_address>
         <size>0x96</size>
         <input_file_ref idref="fl-c2"/>
      </object_component>
      <object_component id="oc-71">
         <name>.debug_line</name>
         <load_address>0xaf8</load_address>
         <run_address>0xaf8</run_address>
         <size>0x33</size>
         <input_file_ref idref="fl-c3"/>
      </object_component>
      <object_component id="oc-56">
         <name>.debug_line</name>
         <load_address>0xb2b</load_address>
         <run_address>0xb2b</run_address>
         <size>0x45</size>
         <input_file_ref idref="fl-c3"/>
      </object_component>
      <object_component id="oc-151">
         <name>.debug_line</name>
         <load_address>0xb70</load_address>
         <run_address>0xb70</run_address>
         <size>0x37</size>
         <input_file_ref idref="fl-c4"/>
      </object_component>
      <object_component id="oc-3b">
         <name>.debug_line</name>
         <load_address>0xba7</load_address>
         <run_address>0xba7</run_address>
         <size>0x88</size>
         <input_file_ref idref="fl-c6"/>
      </object_component>
      <object_component id="oc-165">
         <name>.debug_line</name>
         <load_address>0xc2f</load_address>
         <run_address>0xc2f</run_address>
         <size>0xbf</size>
         <input_file_ref idref="fl-c7"/>
      </object_component>
      <object_component id="oc-da">
         <name>.debug_line</name>
         <load_address>0xcee</load_address>
         <run_address>0xcee</run_address>
         <size>0x6f</size>
         <input_file_ref idref="fl-c7"/>
      </object_component>
      <object_component id="oc-169">
         <name>.debug_line</name>
         <load_address>0xd5d</load_address>
         <run_address>0xd5d</run_address>
         <size>0x2e</size>
         <input_file_ref idref="fl-c7"/>
      </object_component>
      <object_component id="oc-17e">
         <name>.debug_line</name>
         <load_address>0xd8b</load_address>
         <run_address>0xd8b</run_address>
         <size>0x9a</size>
         <input_file_ref idref="fl-c7"/>
      </object_component>
      <object_component id="oc-16e">
         <name>.debug_line</name>
         <load_address>0xe25</load_address>
         <run_address>0xe25</run_address>
         <size>0x97</size>
         <input_file_ref idref="fl-c7"/>
      </object_component>
      <object_component id="oc-173">
         <name>.debug_line</name>
         <load_address>0xebc</load_address>
         <run_address>0xebc</run_address>
         <size>0x93</size>
         <input_file_ref idref="fl-c7"/>
      </object_component>
      <object_component id="oc-8e">
         <name>.debug_line</name>
         <load_address>0xf4f</load_address>
         <run_address>0xf4f</run_address>
         <size>0x40</size>
         <input_file_ref idref="fl-c8"/>
      </object_component>
      <object_component id="oc-cb">
         <name>.debug_line</name>
         <load_address>0xf8f</load_address>
         <run_address>0xf8f</run_address>
         <size>0x3c</size>
         <input_file_ref idref="fl-ca"/>
      </object_component>
      <object_component id="oc-c7">
         <name>.debug_frame</name>
         <load_address>0x0</load_address>
         <run_address>0x0</run_address>
         <size>0x148</size>
         <input_file_ref idref="fl-2"/>
      </object_component>
      <object_component id="oc-98">
         <name>.debug_frame</name>
         <load_address>0x148</load_address>
         <run_address>0x148</run_address>
         <size>0x58</size>
         <input_file_ref idref="fl-3"/>
      </object_component>
      <object_component id="oc-69">
         <name>.debug_frame</name>
         <load_address>0x1a0</load_address>
         <run_address>0x1a0</run_address>
         <size>0x6c</size>
         <input_file_ref idref="fl-4"/>
      </object_component>
      <object_component id="oc-a7">
         <name>.debug_frame</name>
         <load_address>0x20c</load_address>
         <run_address>0x20c</run_address>
         <size>0x70</size>
         <input_file_ref idref="fl-5"/>
      </object_component>
      <object_component id="oc-1f">
         <name>.debug_frame</name>
         <load_address>0x27c</load_address>
         <run_address>0x27c</run_address>
         <size>0x54</size>
         <input_file_ref idref="fl-c1"/>
      </object_component>
      <object_component id="oc-19">
         <name>.debug_frame</name>
         <load_address>0x2d0</load_address>
         <run_address>0x2d0</run_address>
         <size>0x60</size>
         <input_file_ref idref="fl-c2"/>
      </object_component>
      <object_component id="oc-57">
         <name>.debug_frame</name>
         <load_address>0x330</load_address>
         <run_address>0x330</run_address>
         <size>0x50</size>
         <input_file_ref idref="fl-c3"/>
      </object_component>
      <object_component id="oc-db">
         <name>.debug_frame</name>
         <load_address>0x380</load_address>
         <run_address>0x380</run_address>
         <size>0x5c</size>
         <input_file_ref idref="fl-c7"/>
      </object_component>
      <object_component id="oc-8f">
         <name>.debug_frame</name>
         <load_address>0x3dc</load_address>
         <run_address>0x3dc</run_address>
         <size>0x54</size>
         <input_file_ref idref="fl-c8"/>
      </object_component>
      <object_component id="oc-cf">
         <name>.debug_frame</name>
         <load_address>0x430</load_address>
         <run_address>0x430</run_address>
         <size>0x54</size>
         <input_file_ref idref="fl-ca"/>
      </object_component>
      <object_component id="oc-144">
         <name>.debug_abbrev</name>
         <load_address>0x0</load_address>
         <run_address>0x0</run_address>
         <size>0x71</size>
         <input_file_ref idref="fl-2"/>
      </object_component>
      <object_component id="oc-11c">
         <name>.debug_abbrev</name>
         <load_address>0x71</load_address>
         <run_address>0x71</run_address>
         <size>0xd2</size>
         <input_file_ref idref="fl-2"/>
      </object_component>
      <object_component id="oc-b0">
         <name>.debug_abbrev</name>
         <load_address>0x143</load_address>
         <run_address>0x143</run_address>
         <size>0x69</size>
         <input_file_ref idref="fl-2"/>
      </object_component>
      <object_component id="oc-14d">
         <name>.debug_abbrev</name>
         <load_address>0x1ac</load_address>
         <run_address>0x1ac</run_address>
         <size>0x97</size>
         <input_file_ref idref="fl-2"/>
      </object_component>
      <object_component id="oc-148">
         <name>.debug_abbrev</name>
         <load_address>0x243</load_address>
         <run_address>0x243</run_address>
         <size>0xbd</size>
         <input_file_ref idref="fl-2"/>
      </object_component>
      <object_component id="oc-34">
         <name>.debug_abbrev</name>
         <load_address>0x300</load_address>
         <run_address>0x300</run_address>
         <size>0x1f</size>
         <input_file_ref idref="fl-2"/>
      </object_component>
      <object_component id="oc-113">
         <name>.debug_abbrev</name>
         <load_address>0x31f</load_address>
         <run_address>0x31f</run_address>
         <size>0x5c</size>
         <input_file_ref idref="fl-2"/>
      </object_component>
      <object_component id="oc-11f">
         <name>.debug_abbrev</name>
         <load_address>0x37b</load_address>
         <run_address>0x37b</run_address>
         <size>0x24</size>
         <input_file_ref idref="fl-2"/>
      </object_component>
      <object_component id="oc-10e">
         <name>.debug_abbrev</name>
         <load_address>0x39f</load_address>
         <run_address>0x39f</run_address>
         <size>0x24</size>
         <input_file_ref idref="fl-2"/>
      </object_component>
      <object_component id="oc-c9">
         <name>.debug_abbrev</name>
         <load_address>0x3c3</load_address>
         <run_address>0x3c3</run_address>
         <size>0x5e</size>
         <input_file_ref idref="fl-3"/>
      </object_component>
      <object_component id="oc-ac">
         <name>.debug_abbrev</name>
         <load_address>0x421</load_address>
         <run_address>0x421</run_address>
         <size>0x7c</size>
         <input_file_ref idref="fl-4"/>
      </object_component>
      <object_component id="oc-6d">
         <name>.debug_abbrev</name>
         <load_address>0x49d</load_address>
         <run_address>0x49d</run_address>
         <size>0x29</size>
         <input_file_ref idref="fl-4"/>
      </object_component>
      <object_component id="oc-ab">
         <name>.debug_abbrev</name>
         <load_address>0x4c6</load_address>
         <run_address>0x4c6</run_address>
         <size>0x89</size>
         <input_file_ref idref="fl-4"/>
      </object_component>
      <object_component id="oc-142">
         <name>.debug_abbrev</name>
         <load_address>0x54f</load_address>
         <run_address>0x54f</run_address>
         <size>0x29</size>
         <input_file_ref idref="fl-5"/>
      </object_component>
      <object_component id="oc-10b">
         <name>.debug_abbrev</name>
         <load_address>0x578</load_address>
         <run_address>0x578</run_address>
         <size>0x8b</size>
         <input_file_ref idref="fl-5"/>
      </object_component>
      <object_component id="oc-155">
         <name>.debug_abbrev</name>
         <load_address>0x603</load_address>
         <run_address>0x603</run_address>
         <size>0x4a</size>
         <input_file_ref idref="fl-bf"/>
      </object_component>
      <object_component id="oc-7e">
         <name>.debug_abbrev</name>
         <load_address>0x64d</load_address>
         <run_address>0x64d</run_address>
         <size>0x37</size>
         <input_file_ref idref="fl-c1"/>
      </object_component>
      <object_component id="oc-3c">
         <name>.debug_abbrev</name>
         <load_address>0x684</load_address>
         <run_address>0x684</run_address>
         <size>0x74</size>
         <input_file_ref idref="fl-c1"/>
      </object_component>
      <object_component id="oc-3f">
         <name>.debug_abbrev</name>
         <load_address>0x6f8</load_address>
         <run_address>0x6f8</run_address>
         <size>0x24</size>
         <input_file_ref idref="fl-c1"/>
      </object_component>
      <object_component id="oc-7b">
         <name>.debug_abbrev</name>
         <load_address>0x71c</load_address>
         <run_address>0x71c</run_address>
         <size>0x24</size>
         <input_file_ref idref="fl-c1"/>
      </object_component>
      <object_component id="oc-b8">
         <name>.debug_abbrev</name>
         <load_address>0x740</load_address>
         <run_address>0x740</run_address>
         <size>0x37</size>
         <input_file_ref idref="fl-c2"/>
      </object_component>
      <object_component id="oc-2c">
         <name>.debug_abbrev</name>
         <load_address>0x777</load_address>
         <run_address>0x777</run_address>
         <size>0x6f</size>
         <input_file_ref idref="fl-c2"/>
      </object_component>
      <object_component id="oc-2f">
         <name>.debug_abbrev</name>
         <load_address>0x7e6</load_address>
         <run_address>0x7e6</run_address>
         <size>0x24</size>
         <input_file_ref idref="fl-c2"/>
      </object_component>
      <object_component id="oc-b5">
         <name>.debug_abbrev</name>
         <load_address>0x80a</load_address>
         <run_address>0x80a</run_address>
         <size>0x35</size>
         <input_file_ref idref="fl-c2"/>
      </object_component>
      <object_component id="oc-74">
         <name>.debug_abbrev</name>
         <load_address>0x83f</load_address>
         <run_address>0x83f</run_address>
         <size>0x24</size>
         <input_file_ref idref="fl-c2"/>
      </object_component>
      <object_component id="oc-70">
         <name>.debug_abbrev</name>
         <load_address>0x863</load_address>
         <run_address>0x863</run_address>
         <size>0x29</size>
         <input_file_ref idref="fl-c3"/>
      </object_component>
      <object_component id="oc-9c">
         <name>.debug_abbrev</name>
         <load_address>0x88c</load_address>
         <run_address>0x88c</run_address>
         <size>0x55</size>
         <input_file_ref idref="fl-c3"/>
      </object_component>
      <object_component id="oc-177">
         <name>.debug_abbrev</name>
         <load_address>0x8e1</load_address>
         <run_address>0x8e1</run_address>
         <size>0x38</size>
         <input_file_ref idref="fl-c4"/>
      </object_component>
      <object_component id="oc-78">
         <name>.debug_abbrev</name>
         <load_address>0x919</load_address>
         <run_address>0x919</run_address>
         <size>0x3e</size>
         <input_file_ref idref="fl-c6"/>
      </object_component>
      <object_component id="oc-164">
         <name>.debug_abbrev</name>
         <load_address>0x957</load_address>
         <run_address>0x957</run_address>
         <size>0xc0</size>
         <input_file_ref idref="fl-c7"/>
      </object_component>
      <object_component id="oc-12c">
         <name>.debug_abbrev</name>
         <load_address>0xa17</load_address>
         <run_address>0xa17</run_address>
         <size>0x7e</size>
         <input_file_ref idref="fl-c7"/>
      </object_component>
      <object_component id="oc-168">
         <name>.debug_abbrev</name>
         <load_address>0xa95</load_address>
         <run_address>0xa95</run_address>
         <size>0x24</size>
         <input_file_ref idref="fl-c7"/>
      </object_component>
      <object_component id="oc-17d">
         <name>.debug_abbrev</name>
         <load_address>0xab9</load_address>
         <run_address>0xab9</run_address>
         <size>0x24</size>
         <input_file_ref idref="fl-c7"/>
      </object_component>
      <object_component id="oc-16d">
         <name>.debug_abbrev</name>
         <load_address>0xadd</load_address>
         <run_address>0xadd</run_address>
         <size>0x24</size>
         <input_file_ref idref="fl-c7"/>
      </object_component>
      <object_component id="oc-172">
         <name>.debug_abbrev</name>
         <load_address>0xb01</load_address>
         <run_address>0xb01</run_address>
         <size>0x4b</size>
         <input_file_ref idref="fl-c7"/>
      </object_component>
      <object_component id="oc-c2">
         <name>.debug_abbrev</name>
         <load_address>0xb4c</load_address>
         <run_address>0xb4c</run_address>
         <size>0x55</size>
         <input_file_ref idref="fl-c8"/>
      </object_component>
      <object_component id="oc-122">
         <name>.debug_abbrev</name>
         <load_address>0xba1</load_address>
         <run_address>0xba1</run_address>
         <size>0x45</size>
         <input_file_ref idref="fl-ca"/>
      </object_component>
      <object_component id="oc-1bc">
         <name>.debug_abbrev</name>
         <load_address>0xbe6</load_address>
         <run_address>0xbe6</run_address>
         <size>0xf</size>
      </object_component>
      <object_component id="oc-b2">
         <name>.debug_str</name>
         <load_address>0x0</load_address>
         <run_address>0x0</run_address>
         <size>0x2b7</size>
         <input_file_ref idref="fl-2"/>
      </object_component>
      <object_component id="oc-14f">
         <name>.debug_str</name>
         <load_address>0x2b7</load_address>
         <run_address>0x2b7</run_address>
         <size>0x48c</size>
         <input_file_ref idref="fl-2"/>
      </object_component>
      <object_component id="oc-14a">
         <name>.debug_str</name>
         <load_address>0x743</load_address>
         <run_address>0x743</run_address>
         <size>0x15d0</size>
         <input_file_ref idref="fl-2"/>
      </object_component>
      <object_component id="oc-36">
         <name>.debug_str</name>
         <load_address>0x1d13</load_address>
         <run_address>0x1d13</run_address>
         <size>0xfd</size>
         <input_file_ref idref="fl-2"/>
      </object_component>
      <object_component id="oc-115">
         <name>.debug_str</name>
         <load_address>0x1e10</load_address>
         <run_address>0x1e10</run_address>
         <size>0x34d</size>
         <input_file_ref idref="fl-2"/>
      </object_component>
      <object_component id="oc-121">
         <name>.debug_str</name>
         <load_address>0x215d</load_address>
         <run_address>0x215d</run_address>
         <size>0x1c2</size>
         <input_file_ref idref="fl-2"/>
      </object_component>
      <object_component id="oc-110">
         <name>.debug_str</name>
         <load_address>0x231f</load_address>
         <run_address>0x231f</run_address>
         <size>0x14f</size>
         <input_file_ref idref="fl-2"/>
      </object_component>
      <object_component id="oc-41">
         <name>.debug_str</name>
         <load_address>0x246e</load_address>
         <run_address>0x246e</run_address>
         <size>0x10b</size>
         <input_file_ref idref="fl-c1"/>
      </object_component>
      <object_component id="oc-7d">
         <name>.debug_str</name>
         <load_address>0x2579</load_address>
         <run_address>0x2579</run_address>
         <size>0x140</size>
         <input_file_ref idref="fl-c1"/>
      </object_component>
      <object_component id="oc-31">
         <name>.debug_str</name>
         <load_address>0x26b9</load_address>
         <run_address>0x26b9</run_address>
         <size>0x118</size>
         <input_file_ref idref="fl-c2"/>
      </object_component>
      <object_component id="oc-b7">
         <name>.debug_str</name>
         <load_address>0x27d1</load_address>
         <run_address>0x27d1</run_address>
         <size>0x16b</size>
         <input_file_ref idref="fl-c2"/>
      </object_component>
      <object_component id="oc-76">
         <name>.debug_str</name>
         <load_address>0x293c</load_address>
         <run_address>0x293c</run_address>
         <size>0x158</size>
         <input_file_ref idref="fl-c2"/>
      </object_component>
      <object_component id="oc-16a">
         <name>.debug_str</name>
         <load_address>0x2a94</load_address>
         <run_address>0x2a94</run_address>
         <size>0xed</size>
         <input_file_ref idref="fl-c7"/>
      </object_component>
      <object_component id="oc-17f">
         <name>.debug_str</name>
         <load_address>0x2b81</load_address>
         <run_address>0x2b81</run_address>
         <size>0x157</size>
         <input_file_ref idref="fl-c7"/>
      </object_component>
      <object_component id="oc-16f">
         <name>.debug_str</name>
         <load_address>0x2cd8</load_address>
         <run_address>0x2cd8</run_address>
         <size>0x150</size>
         <input_file_ref idref="fl-c7"/>
      </object_component>
      <object_component id="oc-174">
         <name>.debug_str</name>
         <load_address>0x2e28</load_address>
         <run_address>0x2e28</run_address>
         <size>0x197</size>
         <input_file_ref idref="fl-c7"/>
      </object_component>
      <object_component id="oc-c6">
         <name>.debug_aranges</name>
         <load_address>0x0</load_address>
         <run_address>0x0</run_address>
         <size>0x68</size>
         <input_file_ref idref="fl-2"/>
      </object_component>
      <object_component id="oc-96">
         <name>.debug_aranges</name>
         <load_address>0x68</load_address>
         <run_address>0x68</run_address>
         <size>0x20</size>
         <input_file_ref idref="fl-3"/>
      </object_component>
      <object_component id="oc-68">
         <name>.debug_aranges</name>
         <load_address>0x88</load_address>
         <run_address>0x88</run_address>
         <size>0x28</size>
         <input_file_ref idref="fl-4"/>
      </object_component>
      <object_component id="oc-a9">
         <name>.debug_aranges</name>
         <load_address>0xb0</load_address>
         <run_address>0xb0</run_address>
         <size>0x28</size>
         <input_file_ref idref="fl-5"/>
      </object_component>
      <object_component id="oc-11b">
         <name>.debug_aranges</name>
         <load_address>0xd8</load_address>
         <run_address>0xd8</run_address>
         <size>0x20</size>
         <input_file_ref idref="fl-bf"/>
      </object_component>
      <object_component id="oc-1e">
         <name>.debug_aranges</name>
         <load_address>0xf8</load_address>
         <run_address>0xf8</run_address>
         <size>0x20</size>
         <input_file_ref idref="fl-c1"/>
      </object_component>
      <object_component id="oc-18">
         <name>.debug_aranges</name>
         <load_address>0x118</load_address>
         <run_address>0x118</run_address>
         <size>0x20</size>
         <input_file_ref idref="fl-c2"/>
      </object_component>
      <object_component id="oc-58">
         <name>.debug_aranges</name>
         <load_address>0x138</load_address>
         <run_address>0x138</run_address>
         <size>0x20</size>
         <input_file_ref idref="fl-c3"/>
      </object_component>
      <object_component id="oc-152">
         <name>.debug_aranges</name>
         <load_address>0x158</load_address>
         <run_address>0x158</run_address>
         <size>0x20</size>
         <input_file_ref idref="fl-c4"/>
      </object_component>
      <object_component id="oc-38">
         <name>.debug_aranges</name>
         <load_address>0x178</load_address>
         <run_address>0x178</run_address>
         <size>0x20</size>
         <input_file_ref idref="fl-c6"/>
      </object_component>
      <object_component id="oc-d8">
         <name>.debug_aranges</name>
         <load_address>0x198</load_address>
         <run_address>0x198</run_address>
         <size>0x20</size>
         <input_file_ref idref="fl-c7"/>
      </object_component>
      <object_component id="oc-92">
         <name>.debug_aranges</name>
         <load_address>0x1b8</load_address>
         <run_address>0x1b8</run_address>
         <size>0x20</size>
         <input_file_ref idref="fl-c8"/>
      </object_component>
      <object_component id="oc-ce">
         <name>.debug_aranges</name>
         <load_address>0x1d8</load_address>
         <run_address>0x1d8</run_address>
         <size>0x20</size>
         <input_file_ref idref="fl-ca"/>
      </object_component>
      <object_component id="oc-c5">
         <name>.debug_pubnames</name>
         <load_address>0x0</load_address>
         <run_address>0x0</run_address>
         <size>0xdf</size>
         <input_file_ref idref="fl-2"/>
      </object_component>
      <object_component id="oc-95">
         <name>.debug_pubnames</name>
         <load_address>0xdf</load_address>
         <run_address>0xdf</run_address>
         <size>0x1b</size>
         <input_file_ref idref="fl-3"/>
      </object_component>
      <object_component id="oc-28">
         <name>.debug_pubnames</name>
         <load_address>0xfa</load_address>
         <run_address>0xfa</run_address>
         <size>0x27</size>
         <input_file_ref idref="fl-4"/>
      </object_component>
      <object_component id="oc-6b">
         <name>.debug_pubnames</name>
         <load_address>0x121</load_address>
         <run_address>0x121</run_address>
         <size>0x38</size>
         <input_file_ref idref="fl-4"/>
      </object_component>
      <object_component id="oc-10a">
         <name>.debug_pubnames</name>
         <load_address>0x159</load_address>
         <run_address>0x159</run_address>
         <size>0x26</size>
         <input_file_ref idref="fl-5"/>
      </object_component>
      <object_component id="oc-aa">
         <name>.debug_pubnames</name>
         <load_address>0x17f</load_address>
         <run_address>0x17f</run_address>
         <size>0x3b</size>
         <input_file_ref idref="fl-5"/>
      </object_component>
      <object_component id="oc-11a">
         <name>.debug_pubnames</name>
         <load_address>0x1ba</load_address>
         <run_address>0x1ba</run_address>
         <size>0x26</size>
         <input_file_ref idref="fl-bf"/>
      </object_component>
      <object_component id="oc-22">
         <name>.debug_pubnames</name>
         <load_address>0x1e0</load_address>
         <run_address>0x1e0</run_address>
         <size>0x2b</size>
         <input_file_ref idref="fl-c1"/>
      </object_component>
      <object_component id="oc-1b">
         <name>.debug_pubnames</name>
         <load_address>0x20b</load_address>
         <run_address>0x20b</run_address>
         <size>0x2b</size>
         <input_file_ref idref="fl-c2"/>
      </object_component>
      <object_component id="oc-2b">
         <name>.debug_pubnames</name>
         <load_address>0x236</load_address>
         <run_address>0x236</run_address>
         <size>0x1e</size>
         <input_file_ref idref="fl-c3"/>
      </object_component>
      <object_component id="oc-5a">
         <name>.debug_pubnames</name>
         <load_address>0x254</load_address>
         <run_address>0x254</run_address>
         <size>0x26</size>
         <input_file_ref idref="fl-c3"/>
      </object_component>
      <object_component id="oc-154">
         <name>.debug_pubnames</name>
         <load_address>0x27a</load_address>
         <run_address>0x27a</run_address>
         <size>0x27</size>
         <input_file_ref idref="fl-c4"/>
      </object_component>
      <object_component id="oc-3a">
         <name>.debug_pubnames</name>
         <load_address>0x2a1</load_address>
         <run_address>0x2a1</run_address>
         <size>0x1d</size>
         <input_file_ref idref="fl-c6"/>
      </object_component>
      <object_component id="oc-d9">
         <name>.debug_pubnames</name>
         <load_address>0x2be</load_address>
         <run_address>0x2be</run_address>
         <size>0x35</size>
         <input_file_ref idref="fl-c7"/>
      </object_component>
      <object_component id="oc-91">
         <name>.debug_pubnames</name>
         <load_address>0x2f3</load_address>
         <run_address>0x2f3</run_address>
         <size>0x27</size>
         <input_file_ref idref="fl-c8"/>
      </object_component>
      <object_component id="oc-cd">
         <name>.debug_pubnames</name>
         <load_address>0x31a</load_address>
         <run_address>0x31a</run_address>
         <size>0x1c</size>
         <input_file_ref idref="fl-ca"/>
      </object_component>
      <object_component id="oc-af">
         <name>.debug_pubtypes</name>
         <load_address>0x0</load_address>
         <run_address>0x0</run_address>
         <size>0x25c</size>
         <input_file_ref idref="fl-2"/>
      </object_component>
      <object_component id="oc-14c">
         <name>.debug_pubtypes</name>
         <load_address>0x25c</load_address>
         <run_address>0x25c</run_address>
         <size>0xdd</size>
         <input_file_ref idref="fl-2"/>
      </object_component>
      <object_component id="oc-147">
         <name>.debug_pubtypes</name>
         <load_address>0x339</load_address>
         <run_address>0x339</run_address>
         <size>0x2ce</size>
         <input_file_ref idref="fl-2"/>
      </object_component>
      <object_component id="oc-33">
         <name>.debug_pubtypes</name>
         <load_address>0x607</load_address>
         <run_address>0x607</run_address>
         <size>0xed</size>
         <input_file_ref idref="fl-2"/>
      </object_component>
      <object_component id="oc-112">
         <name>.debug_pubtypes</name>
         <load_address>0x6f4</load_address>
         <run_address>0x6f4</run_address>
         <size>0x330</size>
         <input_file_ref idref="fl-2"/>
      </object_component>
      <object_component id="oc-11e">
         <name>.debug_pubtypes</name>
         <load_address>0xa24</load_address>
         <run_address>0xa24</run_address>
         <size>0x12e</size>
         <input_file_ref idref="fl-2"/>
      </object_component>
      <object_component id="oc-10d">
         <name>.debug_pubtypes</name>
         <load_address>0xb52</load_address>
         <run_address>0xb52</run_address>
         <size>0xaa</size>
         <input_file_ref idref="fl-2"/>
      </object_component>
      <object_component id="oc-3e">
         <name>.debug_pubtypes</name>
         <load_address>0xbfc</load_address>
         <run_address>0xbfc</run_address>
         <size>0x48</size>
         <input_file_ref idref="fl-c1"/>
      </object_component>
      <object_component id="oc-7a">
         <name>.debug_pubtypes</name>
         <load_address>0xc44</load_address>
         <run_address>0xc44</run_address>
         <size>0x1d</size>
         <input_file_ref idref="fl-c1"/>
      </object_component>
      <object_component id="oc-2e">
         <name>.debug_pubtypes</name>
         <load_address>0xc61</load_address>
         <run_address>0xc61</run_address>
         <size>0x5d</size>
         <input_file_ref idref="fl-c2"/>
      </object_component>
      <object_component id="oc-b4">
         <name>.debug_pubtypes</name>
         <load_address>0xcbe</load_address>
         <run_address>0xcbe</run_address>
         <size>0x48</size>
         <input_file_ref idref="fl-c2"/>
      </object_component>
      <object_component id="oc-73">
         <name>.debug_pubtypes</name>
         <load_address>0xd06</load_address>
         <run_address>0xd06</run_address>
         <size>0x35</size>
         <input_file_ref idref="fl-c2"/>
      </object_component>
      <object_component id="oc-167">
         <name>.debug_pubtypes</name>
         <load_address>0xd3b</load_address>
         <run_address>0xd3b</run_address>
         <size>0x32</size>
         <input_file_ref idref="fl-c7"/>
      </object_component>
      <object_component id="oc-17c">
         <name>.debug_pubtypes</name>
         <load_address>0xd6d</load_address>
         <run_address>0xd6d</run_address>
         <size>0x30</size>
         <input_file_ref idref="fl-c7"/>
      </object_component>
      <object_component id="oc-16c">
         <name>.debug_pubtypes</name>
         <load_address>0xd9d</load_address>
         <run_address>0xd9d</run_address>
         <size>0x2c</size>
         <input_file_ref idref="fl-c7"/>
      </object_component>
      <object_component id="oc-171">
         <name>.debug_pubtypes</name>
         <load_address>0xdc9</load_address>
         <run_address>0xdc9</run_address>
         <size>0x50</size>
         <input_file_ref idref="fl-c7"/>
      </object_component>
   </object_component_list>
   <logical_group_list>
      <logical_group id="lg-3" display="no" color="cyan">
         <name>.intvecs</name>
         <load_address>0x0</load_address>
         <run_address>0x0</run_address>
         <size>0xe4</size>
         <contents>
            <object_component_ref idref="oc-26"/>
         </contents>
      </logical_group>
      <logical_group id="lg-4" display="no" color="cyan">
         <name>.text</name>
         <load_address>0xe4</load_address>
         <run_address>0xe4</run_address>
         <size>0x940</size>
         <contents>
            <object_component_ref idref="oc-c3"/>
            <object_component_ref idref="oc-a5"/>
            <object_component_ref idref="oc-37"/>
            <object_component_ref idref="oc-17"/>
            <object_component_ref idref="oc-117"/>
            <object_component_ref idref="oc-150"/>
            <object_component_ref idref="oc-93"/>
            <object_component_ref idref="oc-d6"/>
            <object_component_ref idref="oc-55"/>
            <object_component_ref idref="oc-1d"/>
            <object_component_ref idref="oc-67"/>
            <object_component_ref idref="oc-8d"/>
            <object_component_ref idref="oc-ca"/>
         </contents>
      </logical_group>
      <logical_group id="lg-5" display="no" color="cyan">
         <name>.const</name>
         <run_address>0x0</run_address>
         <size>0x0</size>
         <contents>
         </contents>
      </logical_group>
      <logical_group id="lg-6" display="no" color="cyan">
         <name>.cinit</name>
         <load_address>0xa28</load_address>
         <run_address>0xa28</run_address>
         <size>0x18</size>
         <contents>
            <object_component_ref idref="oc-1b8"/>
            <object_component_ref idref="oc-1b6"/>
            <object_component_ref idref="oc-1b7"/>
         </contents>
      </logical_group>
      <logical_group id="lg-7" display="no" color="cyan">
         <name>.pinit</name>
         <run_address>0x0</run_address>
         <size>0x0</size>
         <contents>
         </contents>
      </logical_group>
      <logical_group id="lg-8" display="no" color="cyan">
         <name>.init_array</name>
         <run_address>0x0</run_address>
         <size>0x0</size>
         <contents>
         </contents>
      </logical_group>
      <logical_group id="lg-9" display="no" color="cyan">
         <name>.binit</name>
         <load_address>0x0</load_address>
         <run_address>0x0</run_address>
         <size>0x0</size>
         <contents>
            <object_component_ref idref="oc-18a"/>
         </contents>
      </logical_group>
      <logical_group id="lg-a" display="no" color="cyan">
         <name>.flashMailbox</name>
         <run_address>0x0</run_address>
         <size>0x0</size>
         <contents>
         </contents>
      </logical_group>
      <logical_group id="lg-b" display="no" color="cyan">
         <name>.tlvTable</name>
         <run_address>0x0</run_address>
         <size>0x0</size>
         <contents>
         </contents>
      </logical_group>
      <logical_group id="lg-c" display="no" color="cyan">
         <name>.bslArea</name>
         <run_address>0x0</run_address>
         <size>0x0</size>
         <contents>
         </contents>
      </logical_group>
      <logical_group id="lg-d" display="no" color="cyan">
         <name>.vtable</name>
         <run_address>0x0</run_address>
         <size>0x0</size>
         <contents>
         </contents>
      </logical_group>
      <logical_group id="lg-e" display="no" color="cyan">
         <name>.data</name>
         <run_address>0x20000000</run_address>
         <size>0x4</size>
         <contents>
            <object_component_ref idref="oc-108"/>
         </contents>
      </logical_group>
      <logical_group id="lg-f" display="no" color="cyan">
         <name>.bss</name>
         <run_address>0x0</run_address>
         <size>0x0</size>
         <contents>
         </contents>
      </logical_group>
      <logical_group id="lg-10" display="no" color="cyan">
         <name>.sysmem</name>
         <run_address>0x0</run_address>
         <size>0x0</size>
         <contents>
         </contents>
      </logical_group>
      <logical_group id="lg-11" display="no" color="cyan">
         <name>.stack</name>
         <run_address>0x2000fe00</run_address>
         <size>0x200</size>
         <contents>
            <object_component_ref idref="oc-29"/>
            <object_component_ref idref="oc-1ba"/>
         </contents>
      </logical_group>
      <logical_group id="lg-12" display="no" color="cyan">
         <name>.TI.ramfunc</name>
         <run_address>0x0</run_address>
         <size>0x0</size>
         <contents>
         </contents>
      </logical_group>
      <logical_group id="lg-187" display="no" color="cyan">
         <name>.TI.noinit</name>
         <run_address>0x0</run_address>
         <size>0x0</size>
         <contents>
         </contents>
      </logical_group>
      <logical_group id="lg-188" display="no" color="cyan">
         <name>.TI.persistent</name>
         <run_address>0x0</run_address>
         <size>0x0</size>
         <contents>
         </contents>
      </logical_group>
      <logical_group id="lg-189" display="no" color="cyan">
         <name>__llvm_prf_cnts</name>
         <run_address>0x20000000</run_address>
         <size>0x0</size>
         <contents>
         </contents>
      </logical_group>
      <logical_group id="lg-19e" display="never" color="cyan">
         <name>.debug_info</name>
         <load_address>0x0</load_address>
         <run_address>0x0</run_address>
         <size>0x84a6</size>
         <contents>
            <object_component_ref idref="oc-116"/>
            <object_component_ref idref="oc-c4"/>
            <object_component_ref idref="oc-ae"/>
            <object_component_ref idref="oc-14b"/>
            <object_component_ref idref="oc-146"/>
            <object_component_ref idref="oc-32"/>
            <object_component_ref idref="oc-111"/>
            <object_component_ref idref="oc-11d"/>
            <object_component_ref idref="oc-10c"/>
            <object_component_ref idref="oc-94"/>
            <object_component_ref idref="oc-6f"/>
            <object_component_ref idref="oc-27"/>
            <object_component_ref idref="oc-6a"/>
            <object_component_ref idref="oc-109"/>
            <object_component_ref idref="oc-a8"/>
            <object_component_ref idref="oc-119"/>
            <object_component_ref idref="oc-42"/>
            <object_component_ref idref="oc-21"/>
            <object_component_ref idref="oc-3d"/>
            <object_component_ref idref="oc-79"/>
            <object_component_ref idref="oc-77"/>
            <object_component_ref idref="oc-1a"/>
            <object_component_ref idref="oc-2d"/>
            <object_component_ref idref="oc-b3"/>
            <object_component_ref idref="oc-72"/>
            <object_component_ref idref="oc-2a"/>
            <object_component_ref idref="oc-59"/>
            <object_component_ref idref="oc-153"/>
            <object_component_ref idref="oc-39"/>
            <object_component_ref idref="oc-12d"/>
            <object_component_ref idref="oc-d7"/>
            <object_component_ref idref="oc-166"/>
            <object_component_ref idref="oc-17b"/>
            <object_component_ref idref="oc-16b"/>
            <object_component_ref idref="oc-170"/>
            <object_component_ref idref="oc-90"/>
            <object_component_ref idref="oc-cc"/>
            <object_component_ref idref="oc-1bb"/>
         </contents>
      </logical_group>
      <logical_group id="lg-1a0" display="never" color="cyan">
         <name>.debug_line</name>
         <load_address>0x0</load_address>
         <run_address>0x0</run_address>
         <size>0xfcb</size>
         <contents>
            <object_component_ref idref="oc-145"/>
            <object_component_ref idref="oc-c8"/>
            <object_component_ref idref="oc-b1"/>
            <object_component_ref idref="oc-14e"/>
            <object_component_ref idref="oc-149"/>
            <object_component_ref idref="oc-35"/>
            <object_component_ref idref="oc-114"/>
            <object_component_ref idref="oc-120"/>
            <object_component_ref idref="oc-10f"/>
            <object_component_ref idref="oc-97"/>
            <object_component_ref idref="oc-ad"/>
            <object_component_ref idref="oc-6e"/>
            <object_component_ref idref="oc-6c"/>
            <object_component_ref idref="oc-143"/>
            <object_component_ref idref="oc-a6"/>
            <object_component_ref idref="oc-118"/>
            <object_component_ref idref="oc-7f"/>
            <object_component_ref idref="oc-20"/>
            <object_component_ref idref="oc-40"/>
            <object_component_ref idref="oc-7c"/>
            <object_component_ref idref="oc-b9"/>
            <object_component_ref idref="oc-1c"/>
            <object_component_ref idref="oc-30"/>
            <object_component_ref idref="oc-b6"/>
            <object_component_ref idref="oc-75"/>
            <object_component_ref idref="oc-71"/>
            <object_component_ref idref="oc-56"/>
            <object_component_ref idref="oc-151"/>
            <object_component_ref idref="oc-3b"/>
            <object_component_ref idref="oc-165"/>
            <object_component_ref idref="oc-da"/>
            <object_component_ref idref="oc-169"/>
            <object_component_ref idref="oc-17e"/>
            <object_component_ref idref="oc-16e"/>
            <object_component_ref idref="oc-173"/>
            <object_component_ref idref="oc-8e"/>
            <object_component_ref idref="oc-cb"/>
         </contents>
      </logical_group>
      <logical_group id="lg-1a2" display="never" color="cyan">
         <name>.debug_frame</name>
         <load_address>0x0</load_address>
         <run_address>0x0</run_address>
         <size>0x484</size>
         <contents>
            <object_component_ref idref="oc-c7"/>
            <object_component_ref idref="oc-98"/>
            <object_component_ref idref="oc-69"/>
            <object_component_ref idref="oc-a7"/>
            <object_component_ref idref="oc-1f"/>
            <object_component_ref idref="oc-19"/>
            <object_component_ref idref="oc-57"/>
            <object_component_ref idref="oc-db"/>
            <object_component_ref idref="oc-8f"/>
            <object_component_ref idref="oc-cf"/>
         </contents>
      </logical_group>
      <logical_group id="lg-1a4" display="never" color="cyan">
         <name>.debug_abbrev</name>
         <load_address>0x0</load_address>
         <run_address>0x0</run_address>
         <size>0xbf5</size>
         <contents>
            <object_component_ref idref="oc-144"/>
            <object_component_ref idref="oc-11c"/>
            <object_component_ref idref="oc-b0"/>
            <object_component_ref idref="oc-14d"/>
            <object_component_ref idref="oc-148"/>
            <object_component_ref idref="oc-34"/>
            <object_component_ref idref="oc-113"/>
            <object_component_ref idref="oc-11f"/>
            <object_component_ref idref="oc-10e"/>
            <object_component_ref idref="oc-c9"/>
            <object_component_ref idref="oc-ac"/>
            <object_component_ref idref="oc-6d"/>
            <object_component_ref idref="oc-ab"/>
            <object_component_ref idref="oc-142"/>
            <object_component_ref idref="oc-10b"/>
            <object_component_ref idref="oc-155"/>
            <object_component_ref idref="oc-7e"/>
            <object_component_ref idref="oc-3c"/>
            <object_component_ref idref="oc-3f"/>
            <object_component_ref idref="oc-7b"/>
            <object_component_ref idref="oc-b8"/>
            <object_component_ref idref="oc-2c"/>
            <object_component_ref idref="oc-2f"/>
            <object_component_ref idref="oc-b5"/>
            <object_component_ref idref="oc-74"/>
            <object_component_ref idref="oc-70"/>
            <object_component_ref idref="oc-9c"/>
            <object_component_ref idref="oc-177"/>
            <object_component_ref idref="oc-78"/>
            <object_component_ref idref="oc-164"/>
            <object_component_ref idref="oc-12c"/>
            <object_component_ref idref="oc-168"/>
            <object_component_ref idref="oc-17d"/>
            <object_component_ref idref="oc-16d"/>
            <object_component_ref idref="oc-172"/>
            <object_component_ref idref="oc-c2"/>
            <object_component_ref idref="oc-122"/>
            <object_component_ref idref="oc-1bc"/>
         </contents>
      </logical_group>
      <logical_group id="lg-1a6" display="never" color="cyan">
         <name>.debug_str</name>
         <load_address>0x0</load_address>
         <run_address>0x0</run_address>
         <size>0x2fbf</size>
         <contents>
            <object_component_ref idref="oc-b2"/>
            <object_component_ref idref="oc-14f"/>
            <object_component_ref idref="oc-14a"/>
            <object_component_ref idref="oc-36"/>
            <object_component_ref idref="oc-115"/>
            <object_component_ref idref="oc-121"/>
            <object_component_ref idref="oc-110"/>
            <object_component_ref idref="oc-41"/>
            <object_component_ref idref="oc-7d"/>
            <object_component_ref idref="oc-31"/>
            <object_component_ref idref="oc-b7"/>
            <object_component_ref idref="oc-76"/>
            <object_component_ref idref="oc-16a"/>
            <object_component_ref idref="oc-17f"/>
            <object_component_ref idref="oc-16f"/>
            <object_component_ref idref="oc-174"/>
         </contents>
      </logical_group>
      <logical_group id="lg-1a8" display="never" color="cyan">
         <name>.debug_aranges</name>
         <load_address>0x0</load_address>
         <run_address>0x0</run_address>
         <size>0x1f8</size>
         <contents>
            <object_component_ref idref="oc-c6"/>
            <object_component_ref idref="oc-96"/>
            <object_component_ref idref="oc-68"/>
            <object_component_ref idref="oc-a9"/>
            <object_component_ref idref="oc-11b"/>
            <object_component_ref idref="oc-1e"/>
            <object_component_ref idref="oc-18"/>
            <object_component_ref idref="oc-58"/>
            <object_component_ref idref="oc-152"/>
            <object_component_ref idref="oc-38"/>
            <object_component_ref idref="oc-d8"/>
            <object_component_ref idref="oc-92"/>
            <object_component_ref idref="oc-ce"/>
         </contents>
      </logical_group>
      <logical_group id="lg-1aa" display="never" color="cyan">
         <name>.debug_pubnames</name>
         <load_address>0x0</load_address>
         <run_address>0x0</run_address>
         <size>0x336</size>
         <contents>
            <object_component_ref idref="oc-c5"/>
            <object_component_ref idref="oc-95"/>
            <object_component_ref idref="oc-28"/>
            <object_component_ref idref="oc-6b"/>
            <object_component_ref idref="oc-10a"/>
            <object_component_ref idref="oc-aa"/>
            <object_component_ref idref="oc-11a"/>
            <object_component_ref idref="oc-22"/>
            <object_component_ref idref="oc-1b"/>
            <object_component_ref idref="oc-2b"/>
            <object_component_ref idref="oc-5a"/>
            <object_component_ref idref="oc-154"/>
            <object_component_ref idref="oc-3a"/>
            <object_component_ref idref="oc-d9"/>
            <object_component_ref idref="oc-91"/>
            <object_component_ref idref="oc-cd"/>
         </contents>
      </logical_group>
      <logical_group id="lg-1ac" display="never" color="cyan">
         <name>.debug_pubtypes</name>
         <load_address>0x0</load_address>
         <run_address>0x0</run_address>
         <size>0xe19</size>
         <contents>
            <object_component_ref idref="oc-af"/>
            <object_component_ref idref="oc-14c"/>
            <object_component_ref idref="oc-147"/>
            <object_component_ref idref="oc-33"/>
            <object_component_ref idref="oc-112"/>
            <object_component_ref idref="oc-11e"/>
            <object_component_ref idref="oc-10d"/>
            <object_component_ref idref="oc-3e"/>
            <object_component_ref idref="oc-7a"/>
            <object_component_ref idref="oc-2e"/>
            <object_component_ref idref="oc-b4"/>
            <object_component_ref idref="oc-73"/>
            <object_component_ref idref="oc-167"/>
            <object_component_ref idref="oc-17c"/>
            <object_component_ref idref="oc-16c"/>
            <object_component_ref idref="oc-171"/>
         </contents>
      </logical_group>
      <logical_group id="lg-1b9" display="no" color="cyan">
         <name>Veneer$$CMSE</name>
         <run_address>0x0</run_address>
         <size>0x0</size>
         <contents>
         </contents>
      </logical_group>
      <load_segment id="lg-1bd" display="no" color="cyan">
         <name>SEGMENT_0</name>
         <load_address>0x0</load_address>
         <run_address>0x0</run_address>
         <size>0xa40</size>
         <flags>0x5</flags>
         <contents>
            <logical_group_ref idref="lg-3"/>
            <logical_group_ref idref="lg-4"/>
            <logical_group_ref idref="lg-6"/>
         </contents>
      </load_segment>
      <load_segment id="lg-1be" display="no" color="cyan">
         <name>SEGMENT_1</name>
         <run_address>0x20000000</run_address>
         <size>0x4</size>
         <flags>0x6</flags>
         <contents>
            <logical_group_ref idref="lg-e"/>
         </contents>
      </load_segment>
      <load_segment id="lg-1bf" display="no" color="cyan">
         <name>SEGMENT_2</name>
         <run_address>0x2000fe00</run_address>
         <size>0x200</size>
         <flags>0x6</flags>
         <contents>
            <logical_group_ref idref="lg-11"/>
         </contents>
      </load_segment>
   </logical_group_list>
   <placement_map>
      <memory_area display="yes" color="green">
         <name>MAIN</name>
         <page_id>0x0</page_id>
         <origin>0x0</origin>
         <length>0x40000</length>
         <used_space>0xa3c</used_space>
         <unused_space>0x3f5c4</unused_space>
         <attributes>RX</attributes>
         <usage_details>
            <allocated_space>
               <start_address>0x0</start_address>
               <size>0x0</size>
               <logical_group_ref idref="lg-9"/>
            </allocated_space>
            <allocated_space>
               <start_address>0x0</start_address>
               <size>0xe4</size>
               <logical_group_ref idref="lg-3"/>
            </allocated_space>
            <allocated_space>
               <start_address>0xe4</start_address>
               <size>0x940</size>
               <logical_group_ref idref="lg-4"/>
            </allocated_space>
            <available_space>
               <start_address>0xa24</start_address>
               <size>0x4</size>
            </available_space>
            <allocated_space>
               <start_address>0xa28</start_address>
               <size>0x18</size>
               <logical_group_ref idref="lg-6"/>
            </allocated_space>
            <available_space>
               <start_address>0xa40</start_address>
               <size>0x3f5c0</size>
            </available_space>
         </usage_details>
      </memory_area>
      <memory_area display="yes" color="green">
         <name>INFO</name>
         <page_id>0x0</page_id>
         <origin>0x200000</origin>
         <length>0x4000</length>
         <used_space>0x0</used_space>
         <unused_space>0x4000</unused_space>
         <attributes>RX</attributes>
         <usage_details>
         </usage_details>
      </memory_area>
      <memory_area display="yes" color="green">
         <name>SRAM_CODE</name>
         <page_id>0x0</page_id>
         <origin>0x1000000</origin>
         <length>0x10000</length>
         <used_space>0x204</used_space>
         <unused_space>0xfdfc</unused_space>
         <attributes>RWX</attributes>
         <usage_details>
            <allocated_space>
               <start_address>0x1000000</start_address>
               <size>0x0</size>
               <logical_group_ref idref="lg-189"/>
            </allocated_space>
            <allocated_space>
               <start_address>0x1000000</start_address>
               <size>0x4</size>
               <logical_group_ref idref="lg-e"/>
            </allocated_space>
            <available_space>
               <start_address>0x1000004</start_address>
               <size>0xfdfc</size>
            </available_space>
            <allocated_space>
               <start_address>0x100fe00</start_address>
               <size>0x200</size>
               <logical_group_ref idref="lg-11"/>
            </allocated_space>
         </usage_details>
      </memory_area>
      <memory_area display="yes" color="green">
         <name>SRAM_DATA</name>
         <page_id>0x0</page_id>
         <origin>0x20000000</origin>
         <length>0x10000</length>
         <used_space>0x204</used_space>
         <unused_space>0xfdfc</unused_space>
         <attributes>RW</attributes>
         <usage_details>
            <allocated_space>
               <start_address>0x20000000</start_address>
               <size>0x0</size>
               <logical_group_ref idref="lg-189"/>
            </allocated_space>
            <allocated_space>
               <start_address>0x20000000</start_address>
               <size>0x4</size>
               <logical_group_ref idref="lg-e"/>
            </allocated_space>
            <available_space>
               <start_address>0x20000004</start_address>
               <size>0xfdfc</size>
            </available_space>
            <allocated_space>
               <start_address>0x2000fe00</start_address>
               <size>0x200</size>
               <logical_group_ref idref="lg-11"/>
            </allocated_space>
         </usage_details>
      </memory_area>
   </placement_map>
   <cptbl_list>
      <cptbl>
         <name>__TI_cinit_table</name>
         <cprec>
            <name>.data</name>
            <load_address>0xa28</load_address>
            <load_size>0x8</load_size>
            <run_address>0x20000000</run_address>
            <run_size>0x4</run_size>
            <compression>lzss</compression>
         </cprec>
      </cptbl>
   </cptbl_list>
   <handler_table>
      <handler_table_name>__TI_handler_table</handler_table_name>
      <handler>
         <index>0x0</index>
         <name>__TI_decompress_lzss</name>
      </handler>
      <handler>
         <index>0x1</index>
         <name>__TI_decompress_none</name>
      </handler>
   </handler_table>
   <symbol_table>
      <symbol id="sm-1">
         <name>WDTCTL_SYM</name>
         <value>0x4000480c</value>
      </symbol>
      <symbol id="sm-2">
         <name>__start___llvm_prf_cnts</name>
         <value>0x20000000</value>
      </symbol>
      <symbol id="sm-3">
         <name>__stop___llvm_prf_cnts</name>
         <value>0x20000000</value>
      </symbol>
      <symbol id="sm-4">
         <name>__TI_CINIT_Base</name>
         <value>0xa38</value>
      </symbol>
      <symbol id="sm-5">
         <name>__TI_CINIT_Limit</name>
         <value>0xa40</value>
      </symbol>
      <symbol id="sm-6">
         <name>__TI_Handler_Table_Base</name>
         <value>0xa30</value>
      </symbol>
      <symbol id="sm-7">
         <name>__TI_Handler_Table_Limit</name>
         <value>0xa38</value>
      </symbol>
      <symbol id="sm-8">
         <name>binit</name>
         <value>0xffffffff</value>
      </symbol>
      <symbol id="sm-9">
         <name>__binit__</name>
         <value>0xffffffff</value>
      </symbol>
      <symbol id="sm-a">
         <name>__STACK_SIZE</name>
         <value>0x200</value>
      </symbol>
      <symbol id="sm-b">
         <name>__STACK_END</name>
         <value>0x20010000</value>
      </symbol>
      <symbol id="sm-c">
         <name>__c_args__</name>
         <value>0xffffffff</value>
      </symbol>
      <symbol id="sm-d">
         <name>__TI_pprof_out_hndl</name>
         <value>0xffffffff</value>
      </symbol>
      <symbol id="sm-e">
         <name>__TI_prof_data_start</name>
         <value>0xffffffff</value>
      </symbol>
      <symbol id="sm-f">
         <name>__TI_prof_data_size</name>
         <value>0xffffffff</value>
      </symbol>
      <symbol id="sm-76">
         <name>lcd16x2_PrintInt</name>
         <value>0x355</value>
         <object_component_ref idref="oc-c3"/>
      </symbol>
      <symbol id="sm-77">
         <name>lcd16x2_PrintFloat</name>
         <value>0x3d3</value>
         <object_component_ref idref="oc-c3"/>
      </symbol>
      <symbol id="sm-78">
         <name>lcd16x2_ShitftRigh</name>
         <value>0x453</value>
         <object_component_ref idref="oc-c3"/>
      </symbol>
      <symbol id="sm-79">
         <name>lcd16x2_Init</name>
         <value>0x119</value>
         <object_component_ref idref="oc-c3"/>
      </symbol>
      <symbol id="sm-7a">
         <name>lcd16x2_SetPosition</name>
         <value>0x315</value>
         <object_component_ref idref="oc-c3"/>
      </symbol>
      <symbol id="sm-7b">
         <name>lcd16x2_PrintString</name>
         <value>0x337</value>
         <object_component_ref idref="oc-c3"/>
      </symbol>
      <symbol id="sm-7c">
         <name>lcd16x2_Cmd</name>
         <value>0x211</value>
         <object_component_ref idref="oc-c3"/>
      </symbol>
      <symbol id="sm-7d">
         <name>lcd16x2_Data</name>
         <value>0x293</value>
         <object_component_ref idref="oc-c3"/>
      </symbol>
      <symbol id="sm-7e">
         <name>lcd16x2_ShitftLeft</name>
         <value>0x479</value>
         <object_component_ref idref="oc-c3"/>
      </symbol>
      <symbol id="sm-8e">
         <name>main</name>
         <value>0x939</value>
         <object_component_ref idref="oc-93"/>
      </symbol>
      <symbol id="sm-a3">
         <name>Reset_Handler</name>
         <value>0xa0f</value>
         <object_component_ref idref="oc-67"/>
      </symbol>
      <symbol id="sm-a4">
         <name>Default_Handler</name>
         <value>0xa1b</value>
         <object_component_ref idref="oc-67"/>
      </symbol>
      <symbol id="sm-a5">
         <name>interruptVectors</name>
         <value>0x0</value>
         <object_component_ref idref="oc-26"/>
      </symbol>
      <symbol id="sm-ed">
         <name>SystemInit</name>
         <value>0x719</value>
         <object_component_ref idref="oc-a5"/>
      </symbol>
      <symbol id="sm-ee">
         <name>SystemCoreClockUpdate</name>
         <value>0x4a1</value>
         <object_component_ref idref="oc-a5"/>
      </symbol>
      <symbol id="sm-ef">
         <name>SystemCoreClock</name>
         <value>0x20000000</value>
         <object_component_ref idref="oc-108"/>
      </symbol>
      <symbol id="sm-fe">
         <name>__aeabi_idivmod</name>
         <value>0x8d9</value>
         <object_component_ref idref="oc-117"/>
      </symbol>
      <symbol id="sm-ff">
         <name>__aeabi_idiv</name>
         <value>0x8d9</value>
         <object_component_ref idref="oc-117"/>
      </symbol>
      <symbol id="sm-117">
         <name>__TI_decompress_none</name>
         <value>0xa01</value>
         <object_component_ref idref="oc-1d"/>
      </symbol>
      <symbol id="sm-13a">
         <name>__TI_decompress_lzss</name>
         <value>0x871</value>
         <object_component_ref idref="oc-17"/>
      </symbol>
      <symbol id="sm-14d">
         <name>__stack</name>
         <value>0x2000fe00</value>
         <object_component_ref idref="oc-29"/>
      </symbol>
      <symbol id="sm-14e">
         <name>_c_int00_noargs</name>
         <value>0x9cd</value>
         <object_component_ref idref="oc-55"/>
      </symbol>
      <symbol id="sm-158">
         <name>__aeabi_idiv0</name>
         <value>0x937</value>
         <object_component_ref idref="oc-150"/>
      </symbol>
      <symbol id="sm-159">
         <name>__aeabi_ldiv0</name>
         <value>0x937</value>
         <object_component_ref idref="oc-150"/>
      </symbol>
      <symbol id="sm-175">
         <name>memcpy</name>
         <value>0x7d5</value>
         <object_component_ref idref="oc-37"/>
      </symbol>
      <symbol id="sm-176">
         <name>__aeabi_memcpy</name>
         <value>0x7d5</value>
         <object_component_ref idref="oc-37"/>
      </symbol>
      <symbol id="sm-177">
         <name>__aeabi_memcpy8</name>
         <value>0x7d5</value>
         <object_component_ref idref="oc-37"/>
      </symbol>
      <symbol id="sm-178">
         <name>__aeabi_memcpy4</name>
         <value>0x7d5</value>
         <object_component_ref idref="oc-37"/>
      </symbol>
      <symbol id="sm-1a0">
         <name>__TI_auto_init_nobinit_nopinit</name>
         <value>0x989</value>
         <object_component_ref idref="oc-d6"/>
      </symbol>
      <symbol id="sm-1aa">
         <name>_system_pre_init</name>
         <value>0xa1d</value>
         <object_component_ref idref="oc-8d"/>
      </symbol>
      <symbol id="sm-1b6">
         <name>C$$EXIT</name>
         <value>0xa21</value>
         <object_component_ref idref="oc-ca"/>
      </symbol>
      <symbol id="sm-1b7">
         <name>abort</name>
         <value>0xa21</value>
         <object_component_ref idref="oc-ca"/>
      </symbol>
      <symbol id="sm-1ba">
         <name>__TI_static_base__</name>
         <value>0x0</value>
      </symbol>
      <symbol id="sm-1bd">
         <name>__mpu_init</name>
         <value>0x0</value>
      </symbol>
      <symbol id="sm-1be">
         <name>_system_post_cinit</name>
         <value>0x0</value>
      </symbol>
      <symbol id="sm-1bf">
         <name>NMI_Handler</name>
         <value>0xa1b</value>
      </symbol>
      <symbol id="sm-1c0">
         <name>HardFault_Handler</name>
         <value>0xa1b</value>
      </symbol>
      <symbol id="sm-1c1">
         <name>MemManage_Handler</name>
         <value>0xa1b</value>
      </symbol>
      <symbol id="sm-1c2">
         <name>BusFault_Handler</name>
         <value>0xa1b</value>
      </symbol>
      <symbol id="sm-1c3">
         <name>UsageFault_Handler</name>
         <value>0xa1b</value>
      </symbol>
      <symbol id="sm-1c4">
         <name>SVC_Handler</name>
         <value>0xa1b</value>
      </symbol>
      <symbol id="sm-1c5">
         <name>DebugMon_Handler</name>
         <value>0xa1b</value>
      </symbol>
      <symbol id="sm-1c6">
         <name>PendSV_Handler</name>
         <value>0xa1b</value>
      </symbol>
      <symbol id="sm-1c7">
         <name>SysTick_Handler</name>
         <value>0xa1b</value>
      </symbol>
      <symbol id="sm-1c8">
         <name>PSS_IRQHandler</name>
         <value>0xa1b</value>
      </symbol>
      <symbol id="sm-1c9">
         <name>CS_IRQHandler</name>
         <value>0xa1b</value>
      </symbol>
      <symbol id="sm-1ca">
         <name>PCM_IRQHandler</name>
         <value>0xa1b</value>
      </symbol>
      <symbol id="sm-1cb">
         <name>WDT_A_IRQHandler</name>
         <value>0xa1b</value>
      </symbol>
      <symbol id="sm-1cc">
         <name>FPU_IRQHandler</name>
         <value>0xa1b</value>
      </symbol>
      <symbol id="sm-1cd">
         <name>FLCTL_IRQHandler</name>
         <value>0xa1b</value>
      </symbol>
      <symbol id="sm-1ce">
         <name>COMP_E0_IRQHandler</name>
         <value>0xa1b</value>
      </symbol>
      <symbol id="sm-1cf">
         <name>COMP_E1_IRQHandler</name>
         <value>0xa1b</value>
      </symbol>
      <symbol id="sm-1d0">
         <name>TA0_0_IRQHandler</name>
         <value>0xa1b</value>
      </symbol>
      <symbol id="sm-1d1">
         <name>TA0_N_IRQHandler</name>
         <value>0xa1b</value>
      </symbol>
      <symbol id="sm-1d2">
         <name>TA1_0_IRQHandler</name>
         <value>0xa1b</value>
      </symbol>
      <symbol id="sm-1d3">
         <name>TA1_N_IRQHandler</name>
         <value>0xa1b</value>
      </symbol>
      <symbol id="sm-1d4">
         <name>TA2_0_IRQHandler</name>
         <value>0xa1b</value>
      </symbol>
      <symbol id="sm-1d5">
         <name>TA2_N_IRQHandler</name>
         <value>0xa1b</value>
      </symbol>
      <symbol id="sm-1d6">
         <name>TA3_0_IRQHandler</name>
         <value>0xa1b</value>
      </symbol>
      <symbol id="sm-1d7">
         <name>TA3_N_IRQHandler</name>
         <value>0xa1b</value>
      </symbol>
      <symbol id="sm-1d8">
         <name>EUSCIA0_IRQHandler</name>
         <value>0xa1b</value>
      </symbol>
      <symbol id="sm-1d9">
         <name>EUSCIA1_IRQHandler</name>
         <value>0xa1b</value>
      </symbol>
      <symbol id="sm-1da">
         <name>EUSCIA2_IRQHandler</name>
         <value>0xa1b</value>
      </symbol>
      <symbol id="sm-1db">
         <name>EUSCIA3_IRQHandler</name>
         <value>0xa1b</value>
      </symbol>
      <symbol id="sm-1dc">
         <name>EUSCIB0_IRQHandler</name>
         <value>0xa1b</value>
      </symbol>
      <symbol id="sm-1dd">
         <name>EUSCIB1_IRQHandler</name>
         <value>0xa1b</value>
      </symbol>
      <symbol id="sm-1de">
         <name>EUSCIB2_IRQHandler</name>
         <value>0xa1b</value>
      </symbol>
      <symbol id="sm-1df">
         <name>EUSCIB3_IRQHandler</name>
         <value>0xa1b</value>
      </symbol>
      <symbol id="sm-1e0">
         <name>ADC14_IRQHandler</name>
         <value>0xa1b</value>
      </symbol>
      <symbol id="sm-1e1">
         <name>T32_INT1_IRQHandler</name>
         <value>0xa1b</value>
      </symbol>
      <symbol id="sm-1e2">
         <name>T32_INT2_IRQHandler</name>
         <value>0xa1b</value>
      </symbol>
      <symbol id="sm-1e3">
         <name>T32_INTC_IRQHandler</name>
         <value>0xa1b</value>
      </symbol>
      <symbol id="sm-1e4">
         <name>AES256_IRQHandler</name>
         <value>0xa1b</value>
      </symbol>
      <symbol id="sm-1e5">
         <name>RTC_C_IRQHandler</name>
         <value>0xa1b</value>
      </symbol>
      <symbol id="sm-1e6">
         <name>DMA_ERR_IRQHandler</name>
         <value>0xa1b</value>
      </symbol>
      <symbol id="sm-1e7">
         <name>DMA_INT3_IRQHandler</name>
         <value>0xa1b</value>
      </symbol>
      <symbol id="sm-1e8">
         <name>DMA_INT2_IRQHandler</name>
         <value>0xa1b</value>
      </symbol>
      <symbol id="sm-1e9">
         <name>DMA_INT1_IRQHandler</name>
         <value>0xa1b</value>
      </symbol>
      <symbol id="sm-1ea">
         <name>DMA_INT0_IRQHandler</name>
         <value>0xa1b</value>
      </symbol>
      <symbol id="sm-1eb">
         <name>PORT1_IRQHandler</name>
         <value>0xa1b</value>
      </symbol>
      <symbol id="sm-1ec">
         <name>PORT2_IRQHandler</name>
         <value>0xa1b</value>
      </symbol>
      <symbol id="sm-1ed">
         <name>PORT3_IRQHandler</name>
         <value>0xa1b</value>
      </symbol>
      <symbol id="sm-1ee">
         <name>PORT4_IRQHandler</name>
         <value>0xa1b</value>
      </symbol>
      <symbol id="sm-1ef">
         <name>PORT5_IRQHandler</name>
         <value>0xa1b</value>
      </symbol>
      <symbol id="sm-1f0">
         <name>PORT6_IRQHandler</name>
         <value>0xa1b</value>
      </symbol>
   </symbol_table>
   <title>Link successful</title>
</link_info>
